Name,Tags,Title,PDF,Summary
Ponder2005-et,"Directed mutation debate, Spatial Non-randomness, Temporal Non-randomness",A switch from high-fidelity to error-prone {DNA} double-strand break repair underlies stress-induced mutation,../Ponder_et_al._2005_-_A_switch_from_high-fidelity_to_error-prone_DNA_double-strand_break_repair_underlies_stress-induced_mutation.pdf,
Garcia2016-ey,Prion,A common bacterial metabolite elicits prion-based bypass of glucose repression,../Garcia_et_al._2016_-_A_common_bacterial_metabolite_elicits_prion-based_bypass_of_glucose_repression.pdf,
Stolovicki2006-sd,,Synthetic gene recruitment reveals adaptive reprogramming of gene regulation in yeast,../Stolovicki_et_al._2006_-_Synthetic_gene_recruitment_reveals_adaptive_reprogramming_of_gene_regulation_in_yeast.pdf,
Lenski1993-wz,Directed mutation debate,The directed mutation controversy and neo-Darwinism,../Lenski_and_Mittler_1993_-_The_directed_mutation_controversy_and_neo-Darwinism.pdf,
Brisson2003-bu,Directed mutation debate,The directed mutation controversy in an evolutionary context,../Brisson_2003_-_The_directed_mutation_controversy_in_an_evolutionary_context.pdf,
Xue2016-ng,Theory,Evolutionary learning of adaptation to varying environments through a transgenerational feedback,../Xue_and_Leibler_2016_-_Evolutionary_learning_of_adaptation_to_varying_environments_through_a_transgenerational_feedback.pdf,
Rivoire2014-lh,Theory,A model for the generation and transmission of variations in evolution,../Rivoire_and_Leibler_2014_-_A_model_for_the_generation_and_transmission_of_variations_in_evolution.pdf,
Hull2017-bn,"CNV, Spatial Non-randomness, Temporal Non-randomness, UK Based",Environmental change drives accelerated adaptation through stimulated copy number variation,../Hull_et_al._2017_-_Environmental_change_drives_accelerated_adaptation_through_stimulated_copy_number_variation.pdf,
Murugan2015-rz,Theory,Multifarious assembly mixtures: systems allowing retrieval of diverse stored structures,../Murugan_et_al._2015_-_Multifarious_assembly_mixtures_-_systems_allowing_retrieval_of_diverse_stored_structures.pdf,
Biddle2021-by,"Biological Computation, Theory",Allosteric conformational ensembles have unlimited capacity for integrating information,../Biddle_et_al._2021_-_Allosteric_conformational_ensembles_have_unlimited_capacity_for_integrating_information.pdf,
Venkataraman2022-hg,"Biological Computation, Theory",Processive and distributive non-equilibrium networks discriminate in alternate limits,../Venkataraman_et_al._2022_-_Processive_and_distributive_non-equilibrium_networks_discriminate_in_alternate_limits.pdf,
Itakura2020-vq,Prion,Widespread {Prion-Based} Control of Growth and Differentiation Strategies in Saccharomyces cerevisiae,../Itakura_et_al._2020_-_Widespread_Prion-Based_Control_of_Growth_and_Differentiation_Strategies_in_Saccharomyces_cerevisiae.pdf,
Morgenthaler2019-za,Enzyme Promiscuity,Mutations that improve efficiency of a weak-link enzyme are rare compared to adaptive mutations elsewhere in the genome,../Morgenthaler_et_al._2019_-_Mutations_that_improve_efficiency_of_a_weak-link_enzyme_are_rare_compared_to_adaptive_mutations_elsewhere_in_the_genome.pdf,
Kristofich2018-kd,Synonymous Mutations,Synonymous mutations make dramatic contributions to fitness when growth is limited by a weak-link enzyme,../Kristofich_et_al._2018_-_Synonymous_mutations_make_dramatic_contributions_to_fitness_when_growth_is_limited_by_a_weak-link_enzyme.pdf,
Gunawardena2012-eg,Non-equilibrium,A linear framework for time-scale separation in nonlinear biochemical systems,../Gunawardena_2012_-_A_linear_framework_for_time-scale_separation_in_nonlinear_biochemical_systems.pdf,
Jakobson2019-fq,Synonymous Mutations,Molecular Origins of Complex Heritability in Natural {Genotype-to-Phenotype} Relationships,../Jakobson_and_Jarosz_2019_-_Molecular_Origins_of_Complex_Heritability_in_Natural_Genotype-to-Phenotype_Relationships.pdf,
Khanal2015-sl,Enzyme Promiscuity,Differential effects of a mutation on the normal and promiscuous activities of orthologs: implications for natural and directed evolution,../Khanal_et_al._2015_-_Differential_effects_of_a_mutation_on_the_normal_an_..._vities_of_orthologs_-_implications_for_natural_and_directed_evolution.pdf,
Copley2007-xo,Metabolism,The origin of the {RNA} world: co-evolution of genes and metabolism,../Copley_et_al._2007_-_The_origin_of_the_RNA_world_-_co-evolution_of_genes_and_metabolism.pdf,
Holmes2017-md,Directed mutation debate,"{Luria-Delbr{\u}ck}, revisited: the classic experiment does not rule out Lamarckian evolution",../Holmes_et_al._2017_-_Luria-Delbruck_revisited_-_the_classic_experiment_does_not_rule_out_Lamarckian_evolution.pdf,
Serobyan2020-ck,Transcriptional Adaptation,Transcriptional adaptation in Caenorhabditis elegans,../Serobyan_et_al._2020_-_Transcriptional_adaptation_in_Caenorhabditis_elegans.pdf,
Chakravarty2020-xf,"LLPS, Prion",A Non-amyloid Prion Particle that Activates a Heritable Gene Expression Program,../Chakravarty_et_al._2020_-_A_Non-amyloid_Prion_Particle_that_Activates_a_Heritable_Gene_Expression_Program.pdf,
Melo2012-zi,,Inactivation of conserved C. elegans genes engages pathogen- and xenobiotic-associated defenses,../Melo_and_Ruvkun_2012_-_Inactivation_of_conserved_C._elegans_genes_engages_pathogen-_and_xenobiotic-associated_defenses.pdf,
Kaletsky2020-hn,,C. elegans interprets bacterial non-coding {RNAs} to learn pathogenic avoidance,../Kaletsky_et_al._2020_-_C._elegans_interprets_bacterial_non-coding_RNAs_to_learn_pathogenic_avoidance.pdf,
Hull2019-qq,"CNV, Spatial Non-randomness, Temporal Non-randomness, UK Based",Transcription-induced formation of extrachromosomal {DNA} during yeast ageing,../Hull_et_al._2019_-_Transcription-induced_formation_of_extrachromosomal_DNA_during_yeast_ageing.pdf,
Cotton2022-in,"LLPS, Non-equilibrium, Theory, UK Based",{Catalysis-Induced} Phase Separation and Autoregulation of Enzymatic Activity,../Cotton_et_al._2022_-_Catalysis-Induced_Phase_Separation_and_Autoregulation_of_Enzymatic_Activity.pdf,
Baez2005-lo,"Granule, Prion, RNA",Mammalian Smaug is a translational repressor that forms cytoplasmic foci similar to stress granules,../Baez_and_Boccaccio_2005_-_Mammalian_Smaug_is_a_translational_repressor_that_forms_cytoplasmic_foci_similar_to_stress_granules.pdf,
De_Jesus_Astacio2021-ld,"Ecosystems, Metabolism",Closed microbial communities self-organize to persistently cycle carbon,../de_Jesus_Astacio_et_al._2021_-_Closed_microbial_communities_self-organize_to_persistently_cycle_carbon.pdf,
Lycus2017-wq,Ecosystems,Phenotypic and genotypic richness of denitrifiers revealed by a novel isolation strategy,../Lycus_et_al._2017_-_Phenotypic_and_genotypic_richness_of_denitrifiers_revealed_by_a_novel_isolation_strategy.pdf,
Madabhushi2015-sz,"Activity-induced DSB, DSB, Neurons",{Activity-Induced} {DNA} Breaks Govern the Expression of Neuronal {Early-Response} Genes,../Madabhushi_et_al._2015_-_Activity-Induced_DNA_Breaks_Govern_the_Expression_of_Neuronal_Early-Response_Genes.pdf,
Suberbielle2013-pe,"Activity-induced DSB, DSB, Neurons","Physiologic brain activity causes {DNA} double-strand breaks in neurons, with exacerbation by amyloid-$\beta$",../Suberbielle_et_al._2013_-_Physiologic_brain_activity_causes_DNA_double-strand_breaks_in_neurons_with_exacerbation_by_amyloid-.pdf,
Lai2016-kd,Tri-nucleotide Repeats,Crosstalk between {MSH2-MSH3} and pol$\beta$ promotes trinucleotide repeat expansion during base excision repair,../Lai_et_al._2016_-_Crosstalk_between_MSH2-MSH3_and_pol_promotes_trinucleotide_repeat_expansion_during_base_excision_repair.pdf,
Williams2015-ml,"MMR, Tri-nucleotide Repeats",{MSH3} Promotes Dynamic Behavior of Trinucleotide Repeat Tracts In Vivo,../Williams_and_Surtees_2015_-_MSH3_Promotes_Dynamic_Behavior_of_Trinucleotide_Repeat_Tracts_In_Vivo.pdf,
Moore2014-xa,"Biological Computation, Temporal Non-randomness",Induced mutations in yeast cell populations adapting to an unforeseen challenge,../Moore_et_al._2014_-_Induced_mutations_in_yeast_cell_populations_adapting_to_an_unforeseen_challenge.pdf,
Katzir2012-ci,"Accelerated Evolution, Biological Computation",Cellular plasticity enables adaptation to unforeseen cell-cycle rewiring challenges,../Katzir_et_al._2012_-_Cellular_plasticity_enables_adaptation_to_unforeseen_cell-cycle_rewiring_challenges.pdf,
Tian2009-dx,"MMR, Tri-nucleotide Repeats",Distinct nucleotide binding/hydrolysis properties and molar ratio of {MutSalpha} and {MutSbeta} determine their differential mismatch binding activities,../Tian_et_al._2009_-_Distinct_nucleotide_binding_-_hydrolysis_properties_a_..._and_MutSbeta_determine_their_differential_mismatch_binding_activities.pdf,
Nakatani2015-fq,"MMR, Tri-nucleotide Repeats",Large expansion of {CTG•CAG} repeats is exacerbated by {MutS$\beta$} in human cells,../Nakatani_et_al._2015_-_Large_expansion_of_CTGCAG_repeats_is_exacerbated_by_MutS_in_human_cells.pdf,
Seong2005-hw,"Metabolism, Tri-nucleotide Repeats",{HD} {CAG} repeat implicates a dominant property of huntingtin in mitochondrial energy metabolism,../Seong_et_al._2005_-_HD_CAG_repeat_implicates_a_dominant_property_of_huntingtin_in_mitochondrial_energy_metabolism.pdf,
Zhang2020-lt,"Granule, LLPS, Tri-nucleotide Repeats",Nuclear bodies formed by polyQ-ataxin-1 protein are liquid {RNA/protein} droplets with tunable dynamics,../Zhang_et_al._2020_-_Nuclear_bodies_formed_by_polyQ-ataxin-1_protein_are_liquid_RNA_-_protein_droplets_with_tunable_dynamics.pdf,
Clabough2006-oc,Tri-nucleotide Repeats,Deletion of the triplet repeat encoding polyglutamine within the mouse Huntington's disease gene results in subtle behavioral/motor phenotypes in vivo and elevated levels of {ATP} with cellular senescence in vitro,../Clabough_and_Zeitlin_2006_-_Deletion_of_the_triplet_repeat_encoding_poly_..._otor_phenotypes_in_vivo_and_elevated_levels_of_ATP_with_cellular_sen....pdf,
Akkaya2018-ud,Metabolism,The Metabolic Redox Regime of Pseudomonas putida Tunes Its Evolvability toward Novel Xenobiotic Substrates,../Akkaya_et_al._2018_-_The_Metabolic_Redox_Regime_of_Pseudomonas_putida_Tunes_Its_Evolvability_toward_Novel_Xenobiotic_Substrates.pdf,
Bedecarrats2018-xx,"Neurons, RNA Transfer",{RNA} from Trained Aplysia Can Induce an Epigenetic Engram for {Long-Term} Sensitization in Untrained Aplysia,../Bedecarrats_et_al._2018_-_RNA_from_Trained_Aplysia_Can_Induce_an_Epigenetic_Engram_for_Long-Term_Sensitization_in_Untrained_Aplysia.pdf,
Deshe2020-zt,"Neurons, RNA Transfer",Inheritance of associative memories in C. elegans nematodes,../Deshe_et_al._2020_-_Inheritance_of_associative_memories_in_C._elegans_nematodes.pdf,
Zhang2011-ci,"Accelerated Evolution, Evolution",Acceleration of emergence of bacterial antibiotic resistance in connected microenvironments,../Zhang_et_al._2011_-_Acceleration_of_emergence_of_bacterial_antibiotic_resistance_in_connected_microenvironments.pdf,
Feynman1974-rs,,Cargo Cult Science,../Feynman_1974_-_Cargo_Cult_Science.pdf,
Fondon2004-lt,"Accelerated Evolution, Evolution",Molecular origins of rapid and continuous morphological evolution,../Fondon_and_Garner_2004_-_Molecular_origins_of_rapid_and_continuous_morphological_evolution.pdf,
Gershman2022-sk,Neurons,The molecular memory code and synaptic plasticity: a synthesis,../Gershman_2022_-_The_molecular_memory_code_and_synaptic_plasticity_-_a_synthesis.pdf,
Shi2012-hu,Neurons,Directed differentiation of human pluripotent stem cells to cerebral cortex neurons and neural networks,../Shi_et_al._2012_-_Directed_differentiation_of_human_pluripotent_stem_cells_to_cerebral_cortex_neurons_and_neural_networks.pdf,
Lee2019-hj,"Neurons, Tri-nucleotide Repeats",{CAG} Repeat Not Polyglutamine Length Determines Timing of Huntington's Disease Onset,../Lee_et_al._2019_-_CAG_Repeat_Not_Polyglutamine_Length_Determines_Timing_of_Huntingtons_Disease_Onset.pdf,
McMurray2010-ys,"Review, Tri-nucleotide Repeats",Mechanisms of trinucleotide repeat instability during human development,../McMurray_2010_-_Mechanisms_of_trinucleotide_repeat_instability_during_human_development.pdf,
Thelen2019-qt,"Neurons, RNA, Tri-nucleotide Repeats",The Role of {RNA} Binding Proteins for Local {mRNA} Translation: Implications in Neurological Disorders,../Thelen_and_Kye_2019_-_The_Role_of_RNA_Binding_Proteins_for_Local_mRNA_Translation_-_Implications_in_Neurological_Disorders.pdf,
Sephton2015-pp,"Granule, LLPS, Neurons, RNA, Tri-nucleotide Repeats",The function of {RNA-binding} proteins at the synapse: implications for neurodegeneration,../Sephton_and_Yu_2015_-_The_function_of_RNA-binding_proteins_at_the_synapse_-_implications_for_neurodegeneration.pdf,
Iyer2015-pu,"MMR, Neurons, Review, Tri-nucleotide Repeats",{DNA} triplet repeat expansion and mismatch repair,../Iyer_et_al._2015_-_DNA_triplet_repeat_expansion_and_mismatch_repair.pdf,
Xue2019-wy,Theory,Environment-to-phenotype mapping and adaptation strategies in varying environments,../Xue_et_al._2019_-_Environment-to-phenotype_mapping_and_adaptation_strategies_in_varying_environments.pdf,
Jordan2013-el,,Behavioral diversity in microbes and low-dimensional phenotypic spaces,../Jordan_et_al._2013_-_Behavioral_diversity_in_microbes_and_low-dimensional_phenotypic_spaces.pdf,
Pleska2021-vk,,"Nongenetic individuality, changeability, and inheritance in bacterial behavior",../Pleska_et_al._2021_-_Nongenetic_individuality_changeability_and_inheritance_in_bacterial_behavior.pdf,
Thornquist2021-un,Neurons,Biochemical evidence accumulates across neurons to drive a network-level eruption,../Thornquist_et_al._2021_-_Biochemical_evidence_accumulates_across_neurons_to_drive_a_network-level_eruption.pdf,
Osman2022-bw,,Protein metalation in a nutshell,../Osman_and_Robinson_2022_-_Protein_metalation_in_a_nutshell.pdf,